{"cameraMode":{"drawMode":0,"name":"Shaded","section":"Shading Mode"},"sceneLighting":true,"audioPlay":false,"sceneViewState":{"m_AlwaysRefresh":false,"showFog":true,"showSkybox":true,"showFlares":true,"showImageEffects":true,"showParticleSystems":true,"showVisualEffectGraphs":true,"m_FxEnabled":true},"in2DMode":false,"pivot":{"x":0.012345656752586365,"y":-0.021146655082702638,"z":0.01845085620880127},"rotation":{"x":-0.06485132873058319,"y":-0.5879745483398438,"z":0.04737398028373718,"w":-0.804887056350708},"size":4.936608791351318,"orthographic":false}